url,listing_id,vin,title,year,make,model,trim,list_price,list_price_displayed,odometer_miles,mileage_displayed,dealer_info,location,exterior,interior,drivetrain,engine,transmission,fuel_type,stock_number,days_on_market,distance_miles,deal_rating,features,listing_image_url,source_name,source_parser,return_to,body_type
https://www.cargurus.com/details/448463590,448463590,19XFL1H85PE011451,2023 Honda Civic Hatchback,2023,Honda,Civic Hatchback,Sport Touring FWD,28985.0,"$28,985",20294,"20,294",Honda North,"Danvers, MA",Silver,Black (Blk Lth-Trmmed),Front-Wheel Drive,180 hp 1.5L I4,Continuously Variable Transmission,Gasoline,79693A,36.0,17.382736,FAIR_PRICE,Leather Seats; Sunroof/Moonroof; Navigation System; Adaptive Cruise Control; Alloy Wheels; Bluetooth; Backup Camera; Remote Start; Blind Spot Monitoring; Heated Seats; Android Auto; CarPlay,https://static.cargurus.com/images/forsale/2026/06/24/18/12/2023_honda_civic_hatchback-pic-4003092692632052730-1024x768.jpeg,CarGurus,embedded_json,https://www.cargurus.com/search?distance=25&sortDirection=ASC&sortType=BEST_MATCH&zip=02108&inventoryTypes=USED,
https://www.cargurus.com/details/450861814,450861814,5XYP3DGC8SG595478,2025 Kia Telluride,2025,Kia,Telluride,EX AWD,41498.0,"$41,498",11515,"11,515",Herb Chambers KIA of Burlington,"Burlington, MA",Glacial White Pearl,Blue (Navy),All-Wheel Drive,291 hp 3.8L V6,Automatic,Gasoline,HKBSSG595478,11.0,11.638669,FAIR_PRICE,Leather Seats; Sunroof/Moonroof; Navigation System; Adaptive Cruise Control; SE Package; Alloy Wheels; Bluetooth; Backup Camera; Remote Start; Blind Spot Monitoring; Heated Seats,https://static.cargurus.com/images/forsale/2026/06/21/19/18/2025_kia_telluride-pic-903755726065269007-1024x768.jpeg,CarGurus,embedded_json,https://www.cargurus.com/search?distance=25&sortDirection=ASC&sortType=BEST_MATCH&zip=02108&inventoryTypes=USED,
https://www.cargurus.com/details/443429527,443429527,JF2SJAEC8JH484521,2018 Subaru Forester,2018,Subaru,Forester,2.5i Premium,16494.0,"$16,494",88920,"88,920",South Easton Motor Sales,"South Easton, MA",Ice Silver Metallic,Black,All-Wheel Drive,170 hp 2.5L H4,Automatic,Gasoline,23628,91.0,22.998554,GOOD_PRICE,Sunroof/Moonroof; Power Mirror Package; Alloy Wheels; Bluetooth; Backup Camera; Heat Package; Heated Seats; Cold Weather Package,https://static.cargurus.com/images/forsale/2026/03/28/04/58/2018_subaru_forester-pic-3028423005256239640-1024x768.jpeg,CarGurus,embedded_json,https://www.cargurus.com/search?distance=25&sortDirection=ASC&sortType=BEST_MATCH&zip=02108&inventoryTypes=USED,
https://www.cargurus.com/details/445619031,445619031,SALCP2BG3HH646878,2017 Land Rover Discovery Sport,2017,Land Rover,Discovery Sport,SE,10642.0,"$10,642",101900,"101,900",Prestige Motor Sales,"Malden, MA",White,Black,All-Wheel Drive,240 hp 2L I4,9-Speed Automatic,Gasoline,646878,67.0,6.058588,FAIR_PRICE,Sport Package; Leather Seats; Power Package; Navigation System; Premium Wheels; Parking Sensors; Premium Package; Heated Seats; Cold Weather Package; Multi Zone Climate Control; SE Package; Bluetooth; Backup Camera; Comfort Package,https://static.cargurus.com/images/forsale/2026/06/05/18/27/2017_land_rover_discovery_sport-pic-980635364616000202-1024x768.jpeg,CarGurus,embedded_json,https://www.cargurus.com/search?distance=25&sortDirection=ASC&sortType=BEST_MATCH&zip=02108&inventoryTypes=USED,
https://www.cargurus.com/details/449661769,449661769,KM8K6CAA6KU336789,2019 Hyundai Kona,2019,Hyundai,Kona,SEL AWD,11444.0,"$11,444",100308,"100,308",Xeluxe Auto Group,"Somerville, MA",Gray,Black,All-Wheel Drive,147 hp 2L I4,6-Speed Automatic,Gasoline,U336789,24.0,2.7110343,FAIR_PRICE,Alloy Wheels; Bluetooth; Backup Camera; Blind Spot Monitoring; Heated Seats,https://static.cargurus.com/images/forsale/2026/06/05/23/26/2019_hyundai_kona-pic-6413483235868856187-1024x768.jpeg,CarGurus,embedded_json,https://www.cargurus.com/search?distance=25&sortDirection=ASC&sortType=BEST_MATCH&zip=02108&inventoryTypes=USED,
https://www.cargurus.com/details/450930957,450930957,JA4APUAUXMU011301,2021 Mitsubishi Outlander Sport,2021,Mitsubishi,Outlander Sport,ES FWD,13797.0,"$13,797",73088,"73,088",Icon Motors Group,"Medford, MA",Alloy Silver,Es,Front-Wheel Drive,148 hp 2L I4,Continuously Variable Transmission,Gasoline,4447R2,9.0,3.6019778,GOOD_PRICE,Value Package; Power Package; Bluetooth; Backup Camera; Cargo Package; Parking Sensors; Heated Seats; Android Auto; CarPlay,https://static.cargurus.com/images/forsale/2026/06/15/19/12/2021_mitsubishi_outlander_sport-pic-906227233417755627-1024x768.jpeg,CarGurus,embedded_json,https://www.cargurus.com/search?distance=25&sortDirection=ASC&sortType=BEST_MATCH&zip=02108&inventoryTypes=USED,
https://www.cargurus.com/details/449204484,449204484,JN8AT2MV5HW023719,2017 Nissan Rogue,2017,Nissan,Rogue,SV AWD,8494.0,"$8,494",124020,"124,020",Auto Sales Express,"Whitman, MA",Gray (Gun Metallic),Black (Charcoal),All-Wheel Drive,170 hp 2.5L I4,Continuously Variable Transmission,Gasoline,023719,28.0,19.603685,GREAT_PRICE,Navigation System; Alloy Wheels; Bluetooth; Backup Camera; Remote Start; Blind Spot Monitoring; Heated Seats,https://static.cargurus.com/images/forsale/2026/06/24/12/58/2017_nissan_rogue-pic-6973406840189791350-1024x768.jpeg,CarGurus,embedded_json,https://www.cargurus.com/search?distance=25&sortDirection=ASC&sortType=BEST_MATCH&zip=02108&inventoryTypes=USED,
https://www.cargurus.com/details/450955692,450955692,3G1BC5SM5HS565516,2017 Chevrolet Cruze,2017,Chevrolet,Cruze,LS Sedan FWD,9479.0,"$9,479",85085,"85,085",Wellesley Mazda,"Wellesley, MA",Arctic Blue Metallic,Dark Atmosphere/Medium Atmosphere,Front-Wheel Drive,153 hp 1.4L I4,6-Speed Automatic,Gasoline,MZ33836A,8.0,13.659927,FAIR_PRICE,Navigation System; Steel Wheels; Bluetooth; Backup Camera; Android Auto; CarPlay,https://static.cargurus.com/images/forsale/2026/06/17/05/51/2017_chevrolet_cruze-pic-2211238088010888969-1024x768.jpeg,CarGurus,embedded_json,https://www.cargurus.com/search?distance=25&sortDirection=ASC&sortType=BEST_MATCH&zip=02108&inventoryTypes=USED,
https://www.cargurus.com/details/451708979,451708979,JF2GPBKC4EH236531,2014 Subaru Crosstrek Hybrid,2014,Subaru,Crosstrek Hybrid,XV Touring AWD,5845.0,"$5,845",162531,"162,531",Polonia Auto Sales and Service,"Boston, MA",Silver,Black,All-Wheel Drive,160 hp 2L H4 Hybrid,Continuously Variable Transmission,Hybrid,EH236531,,4.908944,GREAT_PRICE,Leather Seats; Sunroof/Moonroof; Navigation System; Alloy Wheels; Bluetooth; Backup Camera; Heated Seats,https://static.cargurus.com/images/forsale/2026/06/24/11/12/2014_subaru_crosstrek_hybrid-pic-6195809199574171611-1024x768.jpeg,CarGurus,embedded_json,https://www.cargurus.com/search?distance=25&sortDirection=ASC&sortType=BEST_MATCH&zip=02108&inventoryTypes=USED,
https://www.cargurus.com/details/447211760,447211760,1N4BL4DV4SN386236,2025 Nissan Altima,2025,Nissan,Altima,2.5 SV FWD,17599.0,"$17,599",24081,"24,081",Avis Car Sales - East Boston,"E Boston, MA",Glacier White,Black (Charcoal),Front-Wheel Drive,188 hp 2.5L I4,Continuously Variable Transmission,Gasoline,58590416,50.0,3.5227883,GREAT_PRICE,Alloy Wheels; Bluetooth; Backup Camera; Remote Start; Blind Spot Monitoring; Parking Sensors; Android Auto; CarPlay,https://static.cargurus.com/images/forsale/2026/06/24/15/14/2025_nissan_altima-pic-1157221633525332839-1024x768.jpeg,CarGurus,embedded_json,https://www.cargurus.com/search?distance=25&sortDirection=ASC&sortType=BEST_MATCH&zip=02108&inventoryTypes=USED,
https://www.cargurus.com/details/449733103,449733103,JA4ARUAU5SU000567,2025 Mitsubishi Outlander Sport,2025,Mitsubishi,Outlander Sport,SE AWC,18559.0,"$18,559",24658,"24,658",Avis Car Sales - East Boston,"E Boston, MA",Black,Black,All-Wheel Drive,148 hp 2L I4,Continuously Variable Transmission,Gasoline,58148370,22.0,3.5227883,GOOD_PRICE,Alloy Wheels; Bluetooth; Backup Camera; Blind Spot Monitoring; Heated Seats; Android Auto; CarPlay,https://static.cargurus.com/images/forsale/2026/06/17/05/59/2025_mitsubishi_outlander_sport-pic-99762747938092892-1024x768.jpeg,CarGurus,embedded_json,https://www.cargurus.com/search?distance=25&sortDirection=ASC&sortType=BEST_MATCH&zip=02108&inventoryTypes=USED,
https://www.cargurus.com/details/439928605,439928605,3KPF24AD2PE646073,2023 Kia Forte,2023,Kia,Forte,LXS FWD,15889.0,"$15,889",61761,"61,761",FAZZA GROUP,"Marlborough, MA",Snow White Pearl,Black,Front-Wheel Drive,147 hp 2L I4,Continuously Variable Transmission,Gasoline,M2785,130.0,24.422937,GREAT_PRICE,Alloy Wheels; Bluetooth; Backup Camera; Android Auto; CarPlay,https://static.cargurus.com/images/forsale/2026/03/07/10/04/2023_kia_forte-pic-863875440210512037-1024x768.jpeg,CarGurus,embedded_json,https://www.cargurus.com/search?distance=25&sortDirection=ASC&sortType=BEST_MATCH&zip=02108&inventoryTypes=USED,
https://www.cargurus.com/details/451278984,451278984,KMHL34JJXMA034266,2021 Hyundai Sonata Hybrid,2021,Hyundai,Sonata Hybrid,SEL FWD,11479.0,"$11,479",149372,"149,372",Wellesley Mazda,"Wellesley, MA",Shimmering Silver,Gray,Front-Wheel Drive,2L I4 Hybrid,6-Speed Automatic,Hybrid,CX500885A,5.0,13.659927,GOOD_PRICE,Adaptive Cruise Control; Alloy Wheels; Bluetooth; Backup Camera; Remote Start; Blind Spot Monitoring; Heated Seats; Android Auto; CarPlay,https://static.cargurus.com/images/forsale/2026/06/19/04/59/2021_hyundai_sonata_hybrid-pic-903735610160543552-1024x768.jpeg,CarGurus,embedded_json,https://www.cargurus.com/search?distance=25&sortDirection=ASC&sortType=BEST_MATCH&zip=02108&inventoryTypes=USED,
https://www.cargurus.com/details/451581250,451581250,5XYPHDA58KG465048,2019 Kia Sorento,2019,Kia,Sorento,,15594.0,"$15,594",96005,"96,005",McGovern Chrysler Dodge Jeep Ram,"Newtonville, MA",Sparkling Silver,Black,,290 hp 3.3L V6,8-Speed Automatic,Gasoline,CJ1596AXA,1.0,7.208242,GOOD_PRICE,Leather Seats; Sunroof/Moonroof; Navigation System; Adaptive Cruise Control; Alloy Wheels; Third Row Seating; Bluetooth; Backup Camera; Blind Spot Monitoring; Heated Seats; Android Auto; CarPlay,https://static.cargurus.com/images/forsale/2026/06/23/06/45/2019_kia_sorento-pic-8578134422813464376-1024x768.jpeg,CarGurus,embedded_json,https://www.cargurus.com/search?distance=25&sortDirection=ASC&sortType=BEST_MATCH&zip=02108&inventoryTypes=USED,
https://www.cargurus.com/details/451242180,451242180,1C4NJDBB1ED504467,2014 Jeep Compass,2014,Jeep,Compass,Sport 4WD,5494.0,"$5,494",152906,"152,906",Padula Auto Sales,"Holbrook, MA",Black,Black,Four-Wheel Drive,172 hp 2.4L I4,6-Speed Automatic,Gasoline,,6.0,15.8700905,FAIR_PRICE,Alloy Wheels,https://static.cargurus.com/images/forsale/2026/06/18/16/26/2014_jeep_compass-pic-298149821126026366-1024x768.jpeg,CarGurus,embedded_json,https://www.cargurus.com/search?distance=25&sortDirection=ASC&sortType=BEST_MATCH&zip=02108&inventoryTypes=USED,
https://www.cargurus.com/details/451062150,451062150,3KPF24AD6KE111966,2019 Kia Forte,2019,Kia,Forte,LXS FWD,15060.0,"$15,060",38808,"38,808",Boston Volkswagen,"Watertown, MA",Gravity Gray,Black,Front-Wheel Drive,147 hp 2L I4,Continuously Variable Transmission,Gasoline,TM034270A,7.0,6.004617,FAIR_PRICE,Alloy Wheels; Bluetooth; Backup Camera; Android Auto; CarPlay,https://static.cargurus.com/images/forsale/2026/06/18/05/53/2019_kia_forte-pic-9058716791582527517-1024x768.jpeg,CarGurus,embedded_json,https://www.cargurus.com/search?distance=25&sortDirection=ASC&sortType=BEST_MATCH&zip=02108&inventoryTypes=USED,
https://www.cargurus.com/details/451582470,451582470,KL77LHEP1SC233197,2025 Chevrolet Trax,2025,Chevrolet,Trax,LT FWD,19199.0,"$19,199",30185,"30,185",Avis Car Sales - East Boston,"E Boston, MA",Summit White,Jet Black With Blue Accents,Front-Wheel Drive,137 hp 1.2L I3 Flex Fuel Vehicle,6-Speed Automatic,Flex Fuel Vehicle,57165791,1.0,3.5227883,GREAT_PRICE,Navigation System; Alloy Wheels; LT Package; Preferred Package; Bluetooth; Backup Camera; Remote Start; Heated Seats; Convenience Package,https://static.cargurus.com/images/forsale/2026/06/24/15/14/2025_chevrolet_trax-pic-5953881302106698029-1024x768.jpeg,CarGurus,embedded_json,https://www.cargurus.com/search?distance=25&sortDirection=ASC&sortType=BEST_MATCH&zip=02108&inventoryTypes=USED,
https://www.cargurus.com/details/449987119,449987119,5NMJBCDE4SH543814,2025 Hyundai Tucson,2025,Hyundai,Tucson,SEL AWD,23990.0,"$23,990",23029,"23,029",Auto Factory,"Peabody, MA",Blue,,All-Wheel Drive,187 hp 2.5L I4,Automatic,Gasoline,543814,20.0,13.156665,GREAT_PRICE,Navigation System; Adaptive Cruise Control; Alloy Wheels; Bluetooth; Backup Camera; Remote Start; Blind Spot Monitoring; Parking Sensors; Heated Seats; Android Auto; CarPlay; Multi Zone Climate Control,https://static.cargurus.com/images/forsale/2026/06/11/12/11/2025_hyundai_tucson-pic-8474481339372926500-1024x768.jpeg,CarGurus,embedded_json,https://www.cargurus.com/search?distance=25&sortDirection=ASC&sortType=BEST_MATCH&zip=02108&inventoryTypes=USED,
https://www.cargurus.com/details/447327222,447327222,5N1AT3AB9MC835625,2021 Nissan Rogue,2021,Nissan,Rogue,S AWD,14957.0,"$14,957",103565,"103,565",Independence Nissan of Wellesley,"Wellesley, MA",Gray (Gun Metallic),Black (Charcoal),All-Wheel Drive,181 hp 2.5L I4,Continuously Variable Transmission,Gasoline,C809688A,49.0,13.7225685,GREAT_PRICE,Alloy Wheels; Bluetooth; Backup Camera; Blind Spot Monitoring; Parking Sensors; Android Auto; CarPlay,https://static.cargurus.com/images/forsale/2026/05/14/05/44/2021_nissan_rogue-pic-7990749459595232448-1024x768.jpeg,CarGurus,embedded_json,https://www.cargurus.com/search?distance=25&sortDirection=ASC&sortType=BEST_MATCH&zip=02108&inventoryTypes=USED,
https://www.cargurus.com/details/447327202,447327202,3VW7W7BU9TM006836,2026 Volkswagen Jetta,2026,Volkswagen,Jetta,SE FWD,24493.0,"$24,493",1073,"1,073",AutoFair Toyota of Tewksbury,"Tewksbury, MA",Black,,Front-Wheel Drive,1.5L I4,8-Speed Automatic,Gasoline,TY105983T,49.0,20.59042,GREAT_PRICE,Sunroof/Moonroof; Adaptive Cruise Control; Alloy Wheels; Bluetooth; Backup Camera; Remote Start; Blind Spot Monitoring; Heated Seats,https://static.cargurus.com/images/forsale/2026/05/20/07/31/2026_volkswagen_jetta-pic-3174726900570119664-1024x768.jpeg,CarGurus,embedded_json,https://www.cargurus.com/search?distance=25&sortDirection=ASC&sortType=BEST_MATCH&zip=02108&inventoryTypes=USED,
https://www.cargurus.com/details/451565005,451565005,2GNFLEEK4H6221085,2017 Chevrolet Equinox,2017,Chevrolet,Equinox,LS AWD,10490.0,"$10,490",89701,"89,701",Michael's Motor Sales Inc,"Lawrence, MA",Black,Black,All-Wheel Drive,182 hp 2.4L I4,6-Speed Automatic,Gasoline,,1.0,23.545717,GOOD_PRICE,Navigation System; Alloy Wheels; Bluetooth; Backup Camera,https://static.cargurus.com/images/forsale/2026/06/23/16/36/2017_chevrolet_equinox-pic-3872518103915126257-1024x768.jpeg,CarGurus,embedded_json,https://www.cargurus.com/search?distance=25&sortDirection=ASC&sortType=BEST_MATCH&zip=02108&inventoryTypes=USED,
https://www.cargurus.com/details/439468597,439468597,JN1BJ1CR7KW333384,2019 Nissan Rogue Sport,2019,Nissan,Rogue Sport,SV AWD,15494.0,"$15,494",73170,"73,170",South Easton Motor Sales,"South Easton, MA",Red (Scarlet Ember Tintcoat),Black (Charcoal),All-Wheel Drive,141 hp 2L I4,Automatic,Gasoline,25362,134.0,22.998554,FAIR_PRICE,Alloy Wheels; Technology Package; Bluetooth; Backup Camera; Blind Spot Monitoring; Parking Sensors; Heated Seats; Android Auto; Cold Weather Package; CarPlay; Multi Zone Climate Control,https://static.cargurus.com/images/forsale/2026/03/02/17/03/2019_nissan_rogue_sport-pic-2856104088178612706-1024x768.jpeg,CarGurus,embedded_json,https://www.cargurus.com/search?distance=25&sortDirection=ASC&sortType=BEST_MATCH&zip=02108&inventoryTypes=USED,
